Dataset Size,Average Hash Generation Time (seconds)
100,0.15470311133685755
200,0.2779023056670364
300,0.45254244433454005
400,0.5517608886657399
500,0.6724787500012704
600,0.8254244580020895
700,0.9691396246635122
800,1.0750934583314422
900,1.3638335003342945
1000,1.4214590969980538
