Dataset Size,Average Hash Generation Time (seconds)
100,0.07008702798824136
200,0.13470465233937526
300,0.17216173637037477
400,0.25164052768377587
500,0.3148133750073612
600,0.3470807776708777
700,0.42868606965445605
800,0.45876065267172333
900,0.5348680833509812
1000,0.5897967219934799
