Dataset Size,Average Hash Generation Time (seconds)
100,0.19756794433730343
200,0.3455383746671335
300,0.5267473473359132
400,0.6761634306676569
500,0.8590244443306195
600,1.0257377083325991
700,1.1833824166678824
800,1.354384986332055
900,1.563438624999738
1000,1.7146328473318135
