Dataset Size,Average Hash Generation Time (seconds)
100,0.04570606966929821
200,0.07738448599896704
300,0.1114601946658998
400,0.1745359026657146
500,0.17548870833707042
600,0.2455152779997055
700,0.279735097331771
800,0.3124317916663131
900,0.3516217219997391
1000,0.38519556933655014
