Dataset Size,Average Hash Generation Time (seconds)
100,0.039560055321392916
200,0.06318018032470718
300,0.1012589720194228
400,0.13904029167800522
500,0.1524821526448553
600,0.1931181803229265
700,0.22097218032771102
800,0.24805568030569702
900,0.2730195416758458
1000,0.31213119433959946
