Dataset Size,Average Hash Generation Time (seconds)
100,0.1682979583274573
200,0.3153713060116085
300,0.43491406965767965
400,0.605323985995104
500,0.747408805337424
600,0.8969933609866226
700,1.0428655833238736
800,1.1791225969791412
900,1.362456041679252
1000,1.4844614030056011
